20230101T000000.100000,1,1,188.6223474588919,224.7913602276878,-62.3735072453278,0,0,0
20230101T000000.100000,0,0,0,0,0,0,0,0
20230101T000000.200000,1,1,224.7913602276878,188.6223474588919,-62.3735072453278,0,0,0
20230101T000000.200000,0,0,0,0,0,0,0,0
20230101T000000.300000,1,1,254.1302012658822,146.7221401100709,-62.3735072453278,0,0,0
20230101T000000.300000,0,0,0,0,0,0,0,0
20230101T000000.400000,1,1,275.7474247346995,100.3638547789906,-62.3735072453278,0,0,0
20230101T000000.400000,0,0,0,0,0,0,0,0
20230101T000000.500000,1,1,288.9862022378825,50.95606450701168,-62.3735072453278,0,0,0
20230101T000000.500000,0,0,0,0,0,0,0,0
20230101T000000.600000,1,1,293.4442802201417,1.796827992498478e-14,-62.3735072453278,0,0,0
20230101T000000.600000,0,0,0,0,0,0,0,0
20230101T000000.700000,1,1,288.9862022378825,-50.95606450701165,-62.3735072453278,0,0,0
20230101T000000.700000,0,0,0,0,0,0,0,0
20230101T000000.800000,1,1,275.7474247346995,-100.3638547789906,-62.3735072453278,0,0,0
20230101T000000.800000,0,0,0,0,0,0,0,0
20230101T000000.900000,1,1,254.1302012658822,-146.7221401100708,-62.3735072453278,0,0,0
20230101T000000.900000,0,0,0,0,0,0,0,0
20230101T000001,1,1,224.7913602276878,-188.6223474588919,-62.3735072453278,0,0,0
20230101T000001,0,0,0,0,0,0,0,0
20230101T000001.100000,1,1,192.7188122526775,229.6733368626174,-10.46984901075029,0,0,0
20230101T000001.100000,0,0,0,0,0,0,0,0
20230101T000001.200000,1,1,229.6733368626174,192.7188122526775,-10.46984901075029,0,0,0
20230101T000001.200000,0,0,0,0,0,0,0,0
20230101T000001.300000,1,1,259.6493533523029,149.9086240528644,-10.46984901075029,0,0,0
20230101T000001.300000,0,0,0,0,0,0,0,0
20230101T000001.400000,1,1,281.7360556292911,102.5435381686289,-10.46984901075029,0,0,0
20230101T000001.400000,0,0,0,0,0,0,0,0
20230101T000001.500000,1,1,295.2623504213064,52.06271876667373,-10.46984901075029,0,0,0
20230101T000001.500000,0,0,0,0,0,0,0,0
20230101T000001.600000,1,1,299.8172481057287,1.835851166109242e-14,-10.46984901075029,0,0,0
20230101T000001.600000,0,0,0,0,0,0,0,0
20230101T000001.700000,1,1,295.2623504213064,-52.0627187666737,-10.46984901075029,0,0,0
20230101T000001.700000,0,0,0,0,0,0,0,0
20230101T000001.800000,1,1,281.7360556292912,-102.5435381686289,-10.46984901075029,0,0,0
20230101T000001.800000,0,0,0,0,0,0,0,0
20230101T000001.900000,1,1,259.649353352303,-149.9086240528643,-10.46984901075029,0,0,0
20230101T000001.900000,0,0,0,0,0,0,0,0
20230101T000002,1,1,229.6733368626174,-192.7188122526775,-10.46984901075029,0,0,0
20230101T000002,0,0,0,0,0,0,0,0
20230101T000002.100000,1,1,190.9596134565898,227.5768053772926,41.75193028801963,0,0,0
20230101T000002.100000,0,0,0,0,0,0,0,0
20230101T000002.200000,1,1,227.5768053772926,190.9596134565899,41.75193028801963,0,0,0
20230101T000002.200000,0,0,0,0,0,0,0,0
20230101T000002.300000,1,1,257.2791912260264,148.5402103112356,41.75193028801963,0,0,0
20230101T000002.300000,0,0,0,0,0,0,0,0
20230101T000002.400000,1,1,279.1642790389099,101.6074880405475,41.75193028801963,0,0,0
20230101T000002.400000,0,0,0,0,0,0,0,0
20230101T000002.500000,1,1,292.5671014971373,51.58747366161727,41.75193028801963,0,0,0
20230101T000002.500000,0,0,0,0,0,0,0,0
20230101T000002.600000,1,1,297.0804206224711,1.819092931023293e-14,41.75193028801963,0,0,0
20230101T000002.600000,0,0,0,0,0,0,0,0
20230101T000002.700000,1,1,292.5671014971373,-51.58747366161725,41.75193028801963,0,0,0
20230101T000002.700000,0,0,0,0,0,0,0,0
20230101T000002.800000,1,1,279.1642790389099,-101.6074880405475,41.75193028801963,0,0,0
20230101T000002.800000,0,0,0,0,0,0,0,0
20230101T000002.900000,1,1,257.2791912260264,-148.5402103112355,41.75193028801963,0,0,0
20230101T000002.900000,0,0,0,0,0,0,0,0
20230101T000003,1,1,227.5768053772926,-190.9596134565899,41.75193028801963,0,0,0
20230101T000003,0,0,0,0,0,0,0,0
20230101T000003.100000,1,1,314.3705790981531,374.6522670461463,-103.9558454088797,0,0,0
20230101T000003.100000,0,0,0,0,0,0,0,0
20230101T000003.200000,1,1,374.6522670461463,314.3705790981532,-103.9558454088797,0,0,0
20230101T000003.200000,0,0,0,0,0,0,0,0
20230101T000003.300000,1,1,423.5503354431369,244.5369001834515,-103.9558454088797,0,0,0
20230101T000003.300000,0,0,0,0,0,0,0,0
20230101T000003.400000,1,1,459.5790412244991,167.2730912983177,-103.9558454088797,0,0,0
20230101T000003.400000,0,0,0,0,0,0,0,0
20230101T000003.500000,1,1,481.6436703964708,84.9267741783528,-103.9558454088797,0,0,0
20230101T000003.500000,0,0,0,0,0,0,0,0
20230101T000003.600000,1,1,489.0738003669028,2.994713320830796e-14,-103.9558454088797,0,0,0
20230101T000003.600000,0,0,0,0,0,0,0,0
20230101T000003.700000,1,1,481.6436703964708,-84.92677417835274,-103.9558454088797,0,0,0
20230101T000003.700000,0,0,0,0,0,0,0,0
20230101T000003.800000,1,1,459.5790412244991,-167.2730912983176,-103.9558454088797,0,0,0
20230101T000003.800000,0,0,0,0,0,0,0,0
20230101T000003.900000,1,1,423.550335443137,-244.5369001834513,-103.9558454088797,0,0,0
20230101T000003.900000,0,0,0,0,0,0,0,0
20230101T000004,1,1,374.6522670461463,-314.3705790981532,-103.9558454088797,0,0,0
20230101T000004,0,0,0,0,0,0,0,0
20230101T000004.100000,1,1,321.1980204211291,382.788894771029,-17.44974835125048,0,0,0
20230101T000004.100000,0,0,0,0,0,0,0,0
20230101T000004.200000,1,1,382.788894771029,321.1980204211292,-17.44974835125048,0,0,0
20230101T000004.200000,0,0,0,0,0,0,0,0
20230101T000004.300000,1,1,432.7489222538383,249.847706754774,-17.44974835125048,0,0,0
20230101T000004.300000,0,0,0,0,0,0,0,0
20230101T000004.400000,1,1,469.5600927154853,170.9058969477149,-17.44974835125048,0,0,0
20230101T000004.400000,0,0,0,0,0,0,0,0
20230101T000004.500000,1,1,492.103917368844,86.77119794445623,-17.44974835125048,0,0,0
20230101T000004.500000,0,0,0,0,0,0,0,0
20230101T000004.600000,1,1,499.6954135095479,3.059751943515405e-14,-17.44974835125048,0,0,0
20230101T000004.600000,0,0,0,0,0,0,0,0
20230101T000004.700000,1,1,492.103917368844,-86.77119794445618,-17.44974835125048,0,0,0
20230101T000004.700000,0,0,0,0,0,0,0,0
20230101T000004.800000,1,1,469.5600927154853,-170.9058969477149,-17.44974835125048,0,0,0
20230101T000004.800000,0,0,0,0,0,0,0,0
20230101T000004.900000,1,1,432.7489222538383,-249.8477067547738,-17.44974835125048,0,0,0
20230101T000004.900000,0,0,0,0,0,0,0,0
20230101T000005,1,1,382.788894771029,-321.1980204211292,-17.44974835125048,0,0,0
20230101T000005,0,0,0,0,0,0,0,0
20230101T000005.100000,1,1,318.2660224276498,379.294675628821,69.58655048003271,0,0,0
20230101T000005.100000,0,0,0,0,0,0,0,0
20230101T000005.200000,1,1,379.294675628821,318.2660224276498,69.58655048003271,0,0,0
20230101T000005.200000,0,0,0,0,0,0,0,0
20230101T000005.300000,1,1,428.7986520433773,247.5670171853926,69.58655048003271,0,0,0
20230101T000005.300000,0,0,0,0,0,0,0,0
20230101T000005.400000,1,1,465.2737983981831,169.3458134009126,69.58655048003271,0,0,0
20230101T000005.400000,0,0,0,0,0,0,0,0
20230101T000005.500000,1,1,487.6118358285623,85.97912276936214,69.58655048003271,0,0,0
20230101T000005.500000,0,0,0,0,0,0,0,0
20230101T000005.600000,1,1,495.1340343707852,3.031821551705488e-14,69.58655048003271,0,0,0
20230101T000005.600000,0,0,0,0,0,0,0,0
20230101T000005.700000,1,1,487.6118358285623,-85.97912276936208,69.58655048003271,0,0,0
20230101T000005.700000,0,0,0,0,0,0,0,0
20230101T000005.800000,1,1,465.2737983981832,-169.3458134009125,69.58655048003271,0,0,0
20230101T000005.800000,0,0,0,0,0,0,0,0
20230101T000005.900000,1,1,428.7986520433774,-247.5670171853925,69.58655048003271,0,0,0
20230101T000005.900000,0,0,0,0,0,0,0,0
20230101T000006,1,1,379.294675628821,-318.2660224276498,69.58655048003271,0,0,0
20230101T000006,0,0,0,0,0,0,0,0
20230101T000006.100000,1,1,440.1188107374145,524.5131738646049,-145.5381835724315,0,0,0
20230101T000006.100000,0,0,0,0,0,0,0,0
20230101T000006.200000,1,1,524.5131738646049,440.1188107374145,-145.5381835724315,0,0,0
20230101T000006.200000,0,0,0,0,0,0,0,0
20230101T000006.300000,1,1,592.9704696203918,342.3516602568321,-145.5381835724315,0,0,0
20230101T000006.300000,0,0,0,0,0,0,0,0
20230101T000006.400000,1,1,643.4106577142987,234.1823278176447,-145.5381835724315,0,0,0
20230101T000006.400000,0,0,0,0,0,0,0,0
20230101T000006.500000,1,1,674.3011385550592,118.8974838496939,-145.5381835724315,0,0,0
20230101T000006.500000,0,0,0,0,0,0,0,0
20230101T000006.600000,1,1,684.703320513664,4.192598649163115e-14,-145.5381835724315,0,0,0
20230101T000006.600000,0,0,0,0,0,0,0,0
20230101T000006.700000,1,1,674.3011385550592,-118.8974838496939,-145.5381835724315,0,0,0
20230101T000006.700000,0,0,0,0,0,0,0,0
20230101T000006.800000,1,1,643.4106577142988,-234.1823278176446,-145.5381835724315,0,0,0
20230101T000006.800000,0,0,0,0,0,0,0,0
20230101T000006.900000,1,1,592.9704696203919,-342.3516602568318,-145.5381835724315,0,0,0
20230101T000006.900000,0,0,0,0,0,0,0,0
20230101T000007,1,1,524.5131738646049,-440.1188107374145,-145.5381835724315,0,0,0
20230101T000007,0,0,0,0,0,0,0,0
20230101T000007.100000,1,1,449.6772285895807,535.9044526794406,-24.42964769175068,0,0,0
20230101T000007.100000,0,0,0,0,0,0,0,0
20230101T000007.200000,1,1,535.9044526794406,449.6772285895808,-24.42964769175068,0,0,0
20230101T000007.200000,0,0,0,0,0,0,0,0
20230101T000007.300000,1,1,605.8484911553735,349.7867894566836,-24.42964769175068,0,0,0
20230101T000007.300000,0,0,0,0,0,0,0,0
20230101T000007.400000,1,1,657.3841298016793,239.2682557268009,-24.42964769175068,0,0,0
20230101T000007.400000,0,0,0,0,0,0,0,0
20230101T000007.500000,1,1,688.9454843163816,121.4796771222387,-24.42964769175068,0,0,0
20230101T000007.500000,0,0,0,0,0,0,0,0
20230101T000007.600000,1,1,699.573578913367,4.283652720921566e-14,-24.42964769175068,0,0,0
20230101T000007.600000,0,0,0,0,0,0,0,0
20230101T000007.700000,1,1,688.9454843163816,-121.4796771222386,-24.42964769175068,0,0,0
20230101T000007.700000,0,0,0,0,0,0,0,0
20230101T000007.800000,1,1,657.3841298016794,-239.2682557268008,-24.42964769175068,0,0,0
20230101T000007.800000,0,0,0,0,0,0,0,0
20230101T000007.900000,1,1,605.8484911553735,-349.7867894566833,-24.42964769175068,0,0,0
20230101T000007.900000,0,0,0,0,0,0,0,0
20230101T000008,1,1,535.9044526794406,-449.6772285895808,-24.42964769175068,0,0,0
20230101T000008,0,0,0,0,0,0,0,0
20230101T000008.100000,1,1,445.5724313987097,531.0125458803494,97.4211706720458,0,0,0
20230101T000008.100000,0,0,0,0,0,0,0,0
20230101T000008.200000,1,1,531.0125458803494,445.5724313987097,97.4211706720458,0,0,0
20230101T000008.200000,0,0,0,0,0,0,0,0
20230101T000008.300000,1,1,600.3181128607282,346.5938240595497,97.4211706720458,0,0,0
20230101T000008.300000,0,0,0,0,0,0,0,0
20230101T000008.400000,1,1,651.3833177574563,237.0841387612776,97.4211706720458,0,0,0
20230101T000008.400000,0,0,0,0,0,0,0,0
20230101T000008.500000,1,1,682.6565701599873,120.370771877107,97.4211706720458,0,0,0
20230101T000008.500000,0,0,0,0,0,0,0,0
20230101T000008.600000,1,1,693.1876481190992,4.244550172387683e-14,97.4211706720458,0,0,0
20230101T000008.600000,0,0,0,0,0,0,0,0
20230101T000008.700000,1,1,682.6565701599873,-120.3707718771069,97.4211706720458,0,0,0
20230101T000008.700000,0,0,0,0,0,0,0,0
20230101T000008.800000,1,1,651.3833177574564,-237.0841387612775,97.4211706720458,0,0,0
20230101T000008.800000,0,0,0,0,0,0,0,0
20230101T000008.900000,1,1,600.3181128607283,-346.5938240595494,97.4211706720458,0,0,0
20230101T000008.900000,0,0,0,0,0,0,0,0
20230101T000009,1,1,531.0125458803494,-445.5724313987097,97.4211706720458,0,0,0
20230101T000009,0,0,0,0,0,0,0,0
20230101T000009.100000,1,1,565.8670423766756,674.3740806830633,-187.1205217359834,0,0,0
20230101T000009.100000,0,0,0,0,0,0,0,0
20230101T000009.200000,1,1,674.3740806830633,565.8670423766757,-187.1205217359834,0,0,0
20230101T000009.200000,0,0,0,0,0,0,0,0
20230101T000009.300000,1,1,762.3906037976465,440.1664203302126,-187.1205217359834,0,0,0
20230101T000009.300000,0,0,0,0,0,0,0,0
20230101T000009.400000,1,1,827.2422742040983,301.0915643369718,-187.1205217359834,0,0,0
20230101T000009.400000,0,0,0,0,0,0,0,0
20230101T000009.500000,1,1,866.9586067136473,152.868193521035,-187.1205217359834,0,0,0
20230101T000009.500000,0,0,0,0,0,0,0,0
20230101T000009.600000,1,1,880.3328406604251,5.390483977495432e-14,-187.1205217359834,0,0,0
20230101T000009.600000,0,0,0,0,0,0,0,0
20230101T000009.700000,1,1,866.9586067136473,-152.8681935210349,-187.1205217359834,0,0,0
20230101T000009.700000,0,0,0,0,0,0,0,0
20230101T000009.800000,1,1,827.2422742040984,-301.0915643369717,-187.1205217359834,0,0,0
20230101T000009.800000,0,0,0,0,0,0,0,0
20230101T000009.900000,1,1,762.3906037976466,-440.1664203302124,-187.1205217359834,0,0,0
20230101T000009.900000,0,0,0,0,0,0,0,0
20230101T000010,1,1,674.3740806830633,-565.8670423766757,-187.1205217359834,0,0,0
20230101T000010,0,0,0,0,0,0,0,0
20230101T000010.100000,1,1,578.1564367580324,689.0200105878523,-31.40954703225087,0,0,0
20230101T000010.100000,0,0,0,0,0,0,0,0
20230101T000010.200000,1,1,689.0200105878523,578.1564367580326,-31.40954703225087,0,0,0
20230101T000010.200000,0,0,0,0,0,0,0,0
20230101T000010.300000,1,1,778.9480600569088,449.7258721585932,-31.40954703225087,0,0,0
20230101T000010.300000,0,0,0,0,0,0,0,0
20230101T000010.400000,1,1,845.2081668878734,307.6306145058869,-31.40954703225087,0,0,0
20230101T000010.400000,0,0,0,0,0,0,0,0
20230101T000010.500000,1,1,885.7870512639192,156.1881563000212,-31.40954703225087,0,0,0
20230101T000010.500000,0,0,0,0,0,0,0,0
20230101T000010.600000,1,1,899.4517443171862,5.507553498327728e-14,-31.40954703225087,0,0,0
20230101T000010.600000,0,0,0,0,0,0,0,0
20230101T000010.700000,1,1,885.7870512639192,-156.1881563000211,-31.40954703225087,0,0,0
20230101T000010.700000,0,0,0,0,0,0,0,0
20230101T000010.800000,1,1,845.2081668878735,-307.6306145058867,-31.40954703225087,0,0,0
20230101T000010.800000,0,0,0,0,0,0,0,0
20230101T000010.900000,1,1,778.948060056909,-449.7258721585929,-31.40954703225087,0,0,0
20230101T000010.900000,0,0,0,0,0,0,0,0
20230101T000011,1,1,689.0200105878523,-578.1564367580326,-31.40954703225087,0,0,0
20230101T000011,0,0,0,0,0,0,0,0
20230101T000011.100000,1,1,572.8788403697696,682.7304161318779,125.2557908640589,0,0,0
20230101T000011.100000,0,0,0,0,0,0,0,0
20230101T000011.200000,1,1,682.7304161318779,572.8788403697697,125.2557908640589,0,0,0
20230101T000011.200000,0,0,0,0,0,0,0,0
20230101T000011.300000,1,1,771.8375736780791,445.6206309337068,125.2557908640589,0,0,0
20230101T000011.300000,0,0,0,0,0,0,0,0
20230101T000011.400000,1,1,837.4928371167296,304.8224641216426,125.2557908640589,0,0,0
20230101T000011.400000,0,0,0,0,0,0,0,0
20230101T000011.500000,1,1,877.7013044914122,154.7624209848518,125.2557908640589,0,0,0
20230101T000011.500000,0,0,0,0,0,0,0,0
20230101T000011.600000,1,1,891.2412618674133,5.457278793069879e-14,125.2557908640589,0,0,0
20230101T000011.600000,0,0,0,0,0,0,0,0
20230101T000011.700000,1,1,877.7013044914122,-154.7624209848517,125.2557908640589,0,0,0
20230101T000011.700000,0,0,0,0,0,0,0,0
20230101T000011.800000,1,1,837.4928371167297,-304.8224641216426,125.2557908640589,0,0,0
20230101T000011.800000,0,0,0,0,0,0,0,0
20230101T000011.900000,1,1,771.8375736780793,-445.6206309337065,125.2557908640589,0,0,0
20230101T000011.900000,0,0,0,0,0,0,0,0
20230101T000012,1,1,682.7304161318779,-572.8788403697697,125.2557908640589,0,0,0
20230101T000012,0,0,0,0,0,0,0,0
20230101T000012.100000,1,1,691.615274015937,824.2349875015219,-228.7028598995353,0,0,0
20230101T000012.100000,0,0,0,0,0,0,0,0
20230101T000012.200000,1,1,824.2349875015219,691.6152740159371,-228.7028598995353,0,0,0
20230101T000012.200000,0,0,0,0,0,0,0,0
20230101T000012.300000,1,1,931.8107379749014,537.9811804035933,-228.7028598995353,0,0,0
20230101T000012.300000,0,0,0,0,0,0,0,0
20230101T000012.400000,1,1,1011.073890693898,368.0008008562988,-228.7028598995353,0,0,0
20230101T000012.400000,0,0,0,0,0,0,0,0
20230101T000012.500000,1,1,1059.616074872236,186.8389031923762,-228.7028598995353,0,0,0
20230101T000012.500000,0,0,0,0,0,0,0,0
20230101T000012.600000,1,1,1075.962360807186,6.588369305827751e-14,-228.7028598995353,0,0,0
20230101T000012.600000,0,0,0,0,0,0,0,0
20230101T000012.700000,1,1,1059.616074872236,-186.8389031923761,-228.7028598995353,0,0,0
20230101T000012.700000,0,0,0,0,0,0,0,0
20230101T000012.800000,1,1,1011.073890693898,-368.0008008562987,-228.7028598995353,0,0,0
20230101T000012.800000,0,0,0,0,0,0,0,0
20230101T000012.900000,1,1,931.8107379749015,-537.9811804035929,-228.7028598995353,0,0,0
20230101T000012.900000,0,0,0,0,0,0,0,0
20230101T000013,1,1,824.2349875015219,-691.6152740159371,-228.7028598995353,0,0,0
20230101T000013,0,0,0,0,0,0,0,0
20230101T000013.100000,1,1,706.635644926484,842.1355684962639,-38.38944637275107,0,0,0
20230101T000013.100000,0,0,0,0,0,0,0,0
20230101T000013.200000,1,1,842.1355684962639,706.6356449264841,-38.38944637275107,0,0,0
20230101T000013.200000,0,0,0,0,0,0,0,0
20230101T000013.300000,1,1,952.0476289584441,549.6649548605028,-38.38944637275107,0,0,0
20230101T000013.300000,0,0,0,0,0,0,0,0
20230101T000013.400000,1,1,1033.032203974067,375.9929732849728,-38.38944637275107,0,0,0
20230101T000013.400000,0,0,0,0,0,0,0,0
20230101T000013.500000,1,1,1082.628618211457,190.8966354778037,-38.38944637275107,0,0,0
20230101T000013.500000,0,0,0,0,0,0,0,0
20230101T000013.600000,1,1,1099.329909721005,6.73145427573389e-14,-38.38944637275107,0,0,0
20230101T000013.600000,0,0,0,0,0,0,0,0
20230101T000013.700000,1,1,1082.628618211457,-190.8966354778036,-38.38944637275107,0,0,0
20230101T000013.700000,0,0,0,0,0,0,0,0
20230101T000013.800000,1,1,1033.032203974068,-375.9929732849727,-38.38944637275107,0,0,0
20230101T000013.800000,0,0,0,0,0,0,0,0
20230101T000013.900000,1,1,952.0476289584442,-549.6649548605025,-38.38944637275107,0,0,0
20230101T000013.900000,0,0,0,0,0,0,0,0
20230101T000014,1,1,842.1355684962639,-706.6356449264841,-38.38944637275107,0,0,0
20230101T000014,0,0,0,0,0,0,0,0
20230101T000014.100000,1,1,700.1852493408296,834.4482863834064,153.090411056072,0,0,0
20230101T000014.100000,0,0,0,0,0,0,0,0
20230101T000014.200000,1,1,834.4482863834064,700.1852493408297,153.090411056072,0,0,0
20230101T000014.200000,0,0,0,0,0,0,0,0
20230101T000014.300000,1,1,943.3570344954302,544.6474378078639,153.090411056072,0,0,0
20230101T000014.300000,0,0,0,0,0,0,0,0
20230101T000014.400000,1,1,1023.602356476003,372.5607894820077,153.090411056072,0,0,0
20230101T000014.400000,0,0,0,0,0,0,0,0
20230101T000014.500000,1,1,1072.746038822837,189.1540700925967,153.090411056072,0,0,0
20230101T000014.500000,0,0,0,0,0,0,0,0
20230101T000014.600000,1,1,1089.294875615728,6.670007413752074e-14,153.090411056072,0,0,0
20230101T000014.600000,0,0,0,0,0,0,0,0
20230101T000014.700000,1,1,1072.746038822837,-189.1540700925966,153.090411056072,0,0,0
20230101T000014.700000,0,0,0,0,0,0,0,0
20230101T000014.800000,1,1,1023.602356476003,-372.5607894820076,153.090411056072,0,0,0
20230101T000014.800000,0,0,0,0,0,0,0,0
20230101T000014.900000,1,1,943.3570344954303,-544.6474378078635,153.090411056072,0,0,0
20230101T000014.900000,0,0,0,0,0,0,0,0
20230101T000015,1,1,834.4482863834064,-700.1852493408297,153.090411056072,0,0,0
20230101T000015,0,0,0,0,0,0,0,0
20230101T000015.100000,1,1,817.3635056551982,974.0958943199804,-270.2851980630871,0,0,0
20230101T000015.100000,0,0,0,0,0,0,0,0
20230101T000015.200000,1,1,974.0958943199804,817.3635056551983,-270.2851980630871,0,0,0
20230101T000015.200000,0,0,0,0,0,0,0,0
20230101T000015.300000,1,1,1101.230872152156,635.7959404769738,-270.2851980630871,0,0,0
20230101T000015.300000,0,0,0,0,0,0,0,0
20230101T000015.400000,1,1,1194.905507183697,434.9100373756259,-270.2851980630871,0,0,0
20230101T000015.400000,0,0,0,0,0,0,0,0
20230101T000015.500000,1,1,1252.273543030824,220.8096128637173,-270.2851980630871,0,0,0
20230101T000015.500000,0,0,0,0,0,0,0,0
20230101T000015.600000,1,1,1271.591880953947,7.786254634160069e-14,-270.2851980630871,0,0,0
20230101T000015.600000,0,0,0,0,0,0,0,0
20230101T000015.700000,1,1,1252.273543030824,-220.8096128637171,-270.2851980630871,0,0,0
20230101T000015.700000,0,0,0,0,0,0,0,0
20230101T000015.800000,1,1,1194.905507183698,-434.9100373756257,-270.2851980630871,0,0,0
20230101T000015.800000,0,0,0,0,0,0,0,0
20230101T000015.900000,1,1,1101.230872152156,-635.7959404769734,-270.2851980630871,0,0,0
20230101T000015.900000,0,0,0,0,0,0,0,0
20230101T000016,1,1,974.0958943199804,-817.3635056551983,-270.2851980630871,0,0,0
20230101T000016,0,0,0,0,0,0,0,0
20230101T000016.100000,1,1,835.1148530949357,995.2511264046756,-45.36934571325126,0,0,0
20230101T000016.100000,0,0,0,0,0,0,0,0
20230101T000016.200000,1,1,995.2511264046756,835.1148530949358,-45.36934571325126,0,0,0
20230101T000016.200000,0,0,0,0,0,0,0,0
20230101T000016.300000,1,1,1125.147197859979,649.6040375624124,-45.36934571325126,0,0,0
20230101T000016.300000,0,0,0,0,0,0,0,0
20230101T000016.400000,1,1,1220.856241060262,444.3553320640588,-45.36934571325126,0,0,0
20230101T000016.400000,0,0,0,0,0,0,0,0
20230101T000016.500000,1,1,1279.470185158994,225.6051146555862,-45.36934571325126,0,0,0
20230101T000016.500000,0,0,0,0,0,0,0,0
20230101T000016.600000,1,1,1299.208075124825,7.955355053140051e-14,-45.36934571325126,0,0,0
20230101T000016.600000,0,0,0,0,0,0,0,0
20230101T000016.700000,1,1,1279.470185158994,-225.605114655586,-45.36934571325126,0,0,0
20230101T000016.700000,0,0,0,0,0,0,0,0
20230101T000016.800000,1,1,1220.856241060262,-444.3553320640586,-45.36934571325126,0,0,0
20230101T000016.800000,0,0,0,0,0,0,0,0
20230101T000016.900000,1,1,1125.14719785998,-649.6040375624119,-45.36934571325126,0,0,0
20230101T000016.900000,0,0,0,0,0,0,0,0
20230101T000017,1,1,995.2511264046756,-835.1148530949358,-45.36934571325126,0,0,0
20230101T000017,0,0,0,0,0,0,0,0
20230101T000017.100000,1,1,827.4916583118893,986.1661566349346,180.9250312480851,0,0,0
20230101T000017.100000,0,0,0,0,0,0,0,0
20230101T000017.200000,1,1,986.1661566349346,827.4916583118895,180.9250312480851,0,0,0
20230101T000017.200000,0,0,0,0,0,0,0,0
20230101T000017.300000,1,1,1114.876495312781,643.6742446820208,180.9250312480851,0,0,0
20230101T000017.300000,0,0,0,0,0,0,0,0
20230101T000017.400000,1,1,1209.711875835276,440.2991148423727,180.9250312480851,0,0,0
20230101T000017.400000,0,0,0,0,0,0,0,0
20230101T000017.500000,1,1,1267.790773154262,223.5457192003415,180.9250312480851,0,0,0
20230101T000017.500000,0,0,0,0,0,0,0,0
20230101T000017.600000,1,1,1287.348489364041,7.882736034434268e-14,180.9250312480851,0,0,0
20230101T000017.600000,0,0,0,0,0,0,0,0
20230101T000017.700000,1,1,1267.790773154262,-223.5457192003414,180.9250312480851,0,0,0
20230101T000017.700000,0,0,0,0,0,0,0,0
20230101T000017.800000,1,1,1209.711875835276,-440.2991148423725,180.9250312480851,0,0,0
20230101T000017.800000,0,0,0,0,0,0,0,0
20230101T000017.900000,1,1,1114.876495312781,-643.6742446820203,180.9250312480851,0,0,0
20230101T000017.900000,0,0,0,0,0,0,0,0
20230101T000018,1,1,986.1661566349346,-827.4916583118895,180.9250312480851,0,0,0
20230101T000018,0,0,0,0,0,0,0,0
20230101T000018.100000,1,1,943.1117372944595,1123.956801138439,-311.867536226639,0,0,0
20230101T000018.100000,0,0,0,0,0,0,0,0
20230101T000018.200000,1,1,1123.956801138439,943.1117372944597,-311.867536226639,0,0,0
20230101T000018.200000,0,0,0,0,0,0,0,0
20230101T000018.300000,1,1,1270.651006329411,733.6107005503544,-311.867536226639,0,0,0
20230101T000018.300000,0,0,0,0,0,0,0,0
20230101T000018.400000,1,1,1378.737123673497,501.819273894953,-311.867536226639,0,0,0
20230101T000018.400000,0,0,0,0,0,0,0,0
20230101T000018.500000,1,1,1444.931011189412,254.7803225350584,-311.867536226639,0,0,0
20230101T000018.500000,0,0,0,0,0,0,0,0
20230101T000018.600000,1,1,1467.221401100709,8.984139962492388e-14,-311.867536226639,0,0,0
20230101T000018.600000,0,0,0,0,0,0,0,0
20230101T000018.700000,1,1,1444.931011189412,-254.7803225350582,-311.867536226639,0,0,0
20230101T000018.700000,0,0,0,0,0,0,0,0
20230101T000018.800000,1,1,1378.737123673497,-501.8192738949528,-311.867536226639,0,0,0
20230101T000018.800000,0,0,0,0,0,0,0,0
20230101T000018.900000,1,1,1270.651006329411,-733.610700550354,-311.867536226639,0,0,0
20230101T000018.900000,0,0,0,0,0,0,0,0
20230101T000019,1,1,1123.956801138439,-943.1117372944597,-311.867536226639,0,0,0
20230101T000019,0,0,0,0,0,0,0,0
20230101T000019.100000,1,1,963.5940612633873,1148.366684313087,-52.34924505375145,0,0,0
20230101T000019.100000,0,0,0,0,0,0,0,0
20230101T000019.200000,1,1,1148.366684313087,963.5940612633875,-52.34924505375145,0,0,0
20230101T000019.200000,0,0,0,0,0,0,0,0
20230101T000019.300000,1,1,1298.246766761515,749.5431202643219,-52.34924505375145,0,0,0
20230101T000019.300000,0,0,0,0,0,0,0,0
20230101T000019.400000,1,1,1408.680278146456,512.7176908431447,-52.34924505375145,0,0,0
20230101T000019.400000,0,0,0,0,0,0,0,0
20230101T000019.500000,1,1,1476.311752106532,260.3135938333687,-52.34924505375145,0,0,0
20230101T000019.500000,0,0,0,0,0,0,0,0
20230101T000019.600000,1,1,1499.086240528644,9.179255830546214e-14,-52.34924505375145,0,0,0
20230101T000019.600000,0,0,0,0,0,0,0,0
20230101T000019.700000,1,1,1476.311752106532,-260.3135938333685,-52.34924505375145,0,0,0
20230101T000019.700000,0,0,0,0,0,0,0,0
20230101T000019.800000,1,1,1408.680278146456,-512.7176908431446,-52.34924505375145,0,0,0
20230101T000019.800000,0,0,0,0,0,0,0,0
20230101T000019.900000,1,1,1298.246766761515,-749.5431202643215,-52.34924505375145,0,0,0
20230101T000019.900000,0,0,0,0,0,0,0,0
20230101T000020,1,1,1148.366684313087,-963.5940612633875,-52.34924505375145,0,0,0
20230101T000020,0,0,0,0,0,0,0,0
20230101T000020.100000,1,1,954.7980672829493,1137.884026886463,208.7596514400982,0,0,0
20230101T000020.100000,0,0,0,0,0,0,0,0
20230101T000020.200000,1,1,1137.884026886463,954.7980672829494,208.7596514400982,0,0,0
20230101T000020.200000,0,0,0,0,0,0,0,0
20230101T000020.300000,1,1,1286.395956130132,742.7010515561778,208.7596514400982,0,0,0
20230101T000020.300000,0,0,0,0,0,0,0,0
20230101T000020.400000,1,1,1395.821395194549,508.0374402027377,208.7596514400982,0,0,0
20230101T000020.400000,0,0,0,0,0,0,0,0
20230101T000020.500000,1,1,1462.835507485687,257.9373683080864,208.7596514400982,0,0,0
20230101T000020.500000,0,0,0,0,0,0,0,0
20230101T000020.600000,1,1,1485.402103112355,9.095464655116465e-14,208.7596514400982,0,0,0
20230101T000020.600000,0,0,0,0,0,0,0,0
20230101T000020.700000,1,1,1462.835507485687,-257.9373683080862,208.7596514400982,0,0,0
20230101T000020.700000,0,0,0,0,0,0,0,0
20230101T000020.800000,1,1,1395.821395194549,-508.0374402027376,208.7596514400982,0,0,0
20230101T000020.800000,0,0,0,0,0,0,0,0
20230101T000020.900000,1,1,1286.395956130132,-742.7010515561774,208.7596514400982,0,0,0
20230101T000020.900000,0,0,0,0,0,0,0,0
20230101T000021,1,1,1137.884026886463,-954.7980672829494,208.7596514400982,0,0,0
20230101T000021,0,0,0,0,0,0,0,0
